,user,timeline_url
0,"{'login': 'mroeschke', 'id': 10647082, 'node_id': 'MDQ6VXNlcjEwNjQ3MDgy', 'avatar_url': 'https://avatars.githubusercontent.com/u/10647082?v=4', 'gravatar_id': '', 'url': 'https://api.github.com/users/mroeschke', 'html_url': 'https://github.com/mroeschke', 'followers_url': 'https://api.github.com/users/mroeschke/followers', 'following_url': 'https://api.github.com/users/mroeschke/following{/other_user}', 'gists_url': 'https://api.github.com/users/mroeschke/gists{/gist_id}', 'starred_url': 'https://api.github.com/users/mroeschke/starred{/owner}{/repo}', 'subscriptions_url': 'https://api.github.com/users/mroeschke/subscriptions', 'organizations_url': 'https://api.github.com/users/mroeschke/orgs', 'repos_url': 'https://api.github.com/users/mroeschke/repos', 'events_url': 'https://api.github.com/users/mroeschke/events{/privacy}', 'received_events_url': 'https://api.github.com/users/mroeschke/received_events', 'type': 'User', 'site_admin': False}",https://api.github.com/repos/pandas-dev/pandas/issues/57535/timeline
1,"{'login': 'mroeschke', 'id': 10647082, 'node_id': 'MDQ6VXNlcjEwNjQ3MDgy', 'avatar_url': 'https://avatars.githubusercontent.com/u/10647082?v=4', 'gravatar_id': '', 'url': 'https://api.github.com/users/mroeschke', 'html_url': 'https://github.com/mroeschke', 'followers_url': 'https://api.github.com/users/mroeschke/followers', 'following_url': 'https://api.github.com/users/mroeschke/following{/other_user}', 'gists_url': 'https://api.github.com/users/mroeschke/gists{/gist_id}', 'starred_url': 'https://api.github.com/users/mroeschke/starred{/owner}{/repo}', 'subscriptions_url': 'https://api.github.com/users/mroeschke/subscriptions', 'organizations_url': 'https://api.github.com/users/mroeschke/orgs', 'repos_url': 'https://api.github.com/users/mroeschke/repos', 'events_url': 'https://api.github.com/users/mroeschke/events{/privacy}', 'received_events_url': 'https://api.github.com/users/mroeschke/received_events', 'type': 'User', 'site_admin': False}",https://api.github.com/repos/pandas-dev/pandas/issues/57534/timeline
2,"{'login': 'meeseeksmachine', 'id': 39504233, 'node_id': 'MDQ6VXNlcjM5NTA0MjMz', 'avatar_url': 'https://avatars.githubusercontent.com/u/39504233?v=4', 'gravatar_id': '', 'url': 'https://api.github.com/users/meeseeksmachine', 'html_url': 'https://github.com/meeseeksmachine', 'followers_url': 'https://api.github.com/users/meeseeksmachine/followers', 'following_url': 'https://api.github.com/users/meeseeksmachine/following{/other_user}', 'gists_url': 'https://api.github.com/users/meeseeksmachine/gists{/gist_id}', 'starred_url': 'https://api.github.com/users/meeseeksmachine/starred{/owner}{/repo}', 'subscriptions_url': 'https://api.github.com/users/meeseeksmachine/subscriptions', 'organizations_url': 'https://api.github.com/users/meeseeksmachine/orgs', 'repos_url': 'https://api.github.com/users/meeseeksmachine/repos', 'events_url': 'https://api.github.com/users/meeseeksmachine/events{/privacy}', 'received_events_url': 'https://api.github.com/users/meeseeksmachine/received_events', 'type': 'User', 'site_admin': False}",https://api.github.com/repos/pandas-dev/pandas/issues/57533/timeline
3,"{'login': 'galipremsagar', 'id': 11664259, 'node_id': 'MDQ6VXNlcjExNjY0MjU5', 'avatar_url': 'https://avatars.githubusercontent.com/u/11664259?v=4', 'gravatar_id': '', 'url': 'https://api.github.com/users/galipremsagar', 'html_url': 'https://github.com/galipremsagar', 'followers_url': 'https://api.github.com/users/galipremsagar/followers', 'following_url': 'https://api.github.com/users/galipremsagar/following{/other_user}', 'gists_url': 'https://api.github.com/users/galipremsagar/gists{/gist_id}', 'starred_url': 'https://api.github.com/users/galipremsagar/starred{/owner}{/repo}', 'subscriptions_url': 'https://api.github.com/users/galipremsagar/subscriptions', 'organizations_url': 'https://api.github.com/users/galipremsagar/orgs', 'repos_url': 'https://api.github.com/users/galipremsagar/repos', 'events_url': 'https://api.github.com/users/galipremsagar/events{/privacy}', 'received_events_url': 'https://api.github.com/users/galipremsagar/received_events', 'type': 'User', 'site_admin': False}",https://api.github.com/repos/pandas-dev/pandas/issues/57531/timeline
4,"{'login': 'galipremsagar', 'id': 11664259, 'node_id': 'MDQ6VXNlcjExNjY0MjU5', 'avatar_url': 'https://avatars.githubusercontent.com/u/11664259?v=4', 'gravatar_id': '', 'url': 'https://api.github.com/users/galipremsagar', 'html_url': 'https://github.com/galipremsagar', 'followers_url': 'https://api.github.com/users/galipremsagar/followers', 'following_url': 'https://api.github.com/users/galipremsagar/following{/other_user}', 'gists_url': 'https://api.github.com/users/galipremsagar/gists{/gist_id}', 'starred_url': 'https://api.github.com/users/galipremsagar/starred{/owner}{/repo}', 'subscriptions_url': 'https://api.github.com/users/galipremsagar/subscriptions', 'organizations_url': 'https://api.github.com/users/galipremsagar/orgs', 'repos_url': 'https://api.github.com/users/galipremsagar/repos', 'events_url': 'https://api.github.com/users/galipremsagar/events{/privacy}', 'received_events_url': 'https://api.github.com/users/galipremsagar/received_events', 'type': 'User', 'site_admin': False}",https://api.github.com/repos/pandas-dev/pandas/issues/57529/timeline
5,"{'login': 'gabuzi', 'id': 15203081, 'node_id': 'MDQ6VXNlcjE1MjAzMDgx', 'avatar_url': 'https://avatars.githubusercontent.com/u/15203081?v=4', 'gravatar_id': '', 'url': 'https://api.github.com/users/gabuzi', 'html_url': 'https://github.com/gabuzi', 'followers_url': 'https://api.github.com/users/gabuzi/followers', 'following_url': 'https://api.github.com/users/gabuzi/following{/other_user}', 'gists_url': 'https://api.github.com/users/gabuzi/gists{/gist_id}', 'starred_url': 'https://api.github.com/users/gabuzi/starred{/owner}{/repo}', 'subscriptions_url': 'https://api.github.com/users/gabuzi/subscriptions', 'organizations_url': 'https://api.github.com/users/gabuzi/orgs', 'repos_url': 'https://api.github.com/users/gabuzi/repos', 'events_url': 'https://api.github.com/users/gabuzi/events{/privacy}', 'received_events_url': 'https://api.github.com/users/gabuzi/received_events', 'type': 'User', 'site_admin': False}",https://api.github.com/repos/pandas-dev/pandas/issues/57526/timeline
6,"{'login': 'gabuzi', 'id': 15203081, 'node_id': 'MDQ6VXNlcjE1MjAzMDgx', 'avatar_url': 'https://avatars.githubusercontent.com/u/15203081?v=4', 'gravatar_id': '', 'url': 'https://api.github.com/users/gabuzi', 'html_url': 'https://github.com/gabuzi', 'followers_url': 'https://api.github.com/users/gabuzi/followers', 'following_url': 'https://api.github.com/users/gabuzi/following{/other_user}', 'gists_url': 'https://api.github.com/users/gabuzi/gists{/gist_id}', 'starred_url': 'https://api.github.com/users/gabuzi/starred{/owner}{/repo}', 'subscriptions_url': 'https://api.github.com/users/gabuzi/subscriptions', 'organizations_url': 'https://api.github.com/users/gabuzi/orgs', 'repos_url': 'https://api.github.com/users/gabuzi/repos', 'events_url': 'https://api.github.com/users/gabuzi/events{/privacy}', 'received_events_url': 'https://api.github.com/users/gabuzi/received_events', 'type': 'User', 'site_admin': False}",https://api.github.com/repos/pandas-dev/pandas/issues/57525/timeline
7,"{'login': 'Bjoern-Rapp', 'id': 90246213, 'node_id': 'MDQ6VXNlcjkwMjQ2MjEz', 'avatar_url': 'https://avatars.githubusercontent.com/u/90246213?v=4', 'gravatar_id': '', 'url': 'https://api.github.com/users/Bjoern-Rapp', 'html_url': 'https://github.com/Bjoern-Rapp', 'followers_url': 'https://api.github.com/users/Bjoern-Rapp/followers', 'following_url': 'https://api.github.com/users/Bjoern-Rapp/following{/other_user}', 'gists_url': 'https://api.github.com/users/Bjoern-Rapp/gists{/gist_id}', 'starred_url': 'https://api.github.com/users/Bjoern-Rapp/starred{/owner}{/repo}', 'subscriptions_url': 'https://api.github.com/users/Bjoern-Rapp/subscriptions', 'organizations_url': 'https://api.github.com/users/Bjoern-Rapp/orgs', 'repos_url': 'https://api.github.com/users/Bjoern-Rapp/repos', 'events_url': 'https://api.github.com/users/Bjoern-Rapp/events{/privacy}', 'received_events_url': 'https://api.github.com/users/Bjoern-Rapp/received_events', 'type': 'User', 'site_admin': False}",https://api.github.com/repos/pandas-dev/pandas/issues/57524/timeline
8,"{'login': 'mgorny', 'id': 110765, 'node_id': 'MDQ6VXNlcjExMDc2NQ==', 'avatar_url': 'https://avatars.githubusercontent.com/u/110765?v=4', 'gravatar_id': '', 'url': 'https://api.github.com/users/mgorny', 'html_url': 'https://github.com/mgorny', 'followers_url': 'https://api.github.com/users/mgorny/followers', 'following_url': 'https://api.github.com/users/mgorny/following{/other_user}', 'gists_url': 'https://api.github.com/users/mgorny/gists{/gist_id}', 'starred_url': 'https://api.github.com/users/mgorny/starred{/owner}{/repo}', 'subscriptions_url': 'https://api.github.com/users/mgorny/subscriptions', 'organizations_url': 'https://api.github.com/users/mgorny/orgs', 'repos_url': 'https://api.github.com/users/mgorny/repos', 'events_url': 'https://api.github.com/users/mgorny/events{/privacy}', 'received_events_url': 'https://api.github.com/users/mgorny/received_events', 'type': 'User', 'site_admin': False}",https://api.github.com/repos/pandas-dev/pandas/issues/57523/timeline
9,"{'login': 'ffyring', 'id': 12187949, 'node_id': 'MDQ6VXNlcjEyMTg3OTQ5', 'avatar_url': 'https://avatars.githubusercontent.com/u/12187949?v=4', 'gravatar_id': '', 'url': 'https://api.github.com/users/ffyring', 'html_url': 'https://github.com/ffyring', 'followers_url': 'https://api.github.com/users/ffyring/followers', 'following_url': 'https://api.github.com/users/ffyring/following{/other_user}', 'gists_url': 'https://api.github.com/users/ffyring/gists{/gist_id}', 'starred_url': 'https://api.github.com/users/ffyring/starred{/owner}{/repo}', 'subscriptions_url': 'https://api.github.com/users/ffyring/subscriptions', 'organizations_url': 'https://api.github.com/users/ffyring/orgs', 'repos_url': 'https://api.github.com/users/ffyring/repos', 'events_url': 'https://api.github.com/users/ffyring/events{/privacy}', 'received_events_url': 'https://api.github.com/users/ffyring/received_events', 'type': 'User', 'site_admin': False}",https://api.github.com/repos/pandas-dev/pandas/issues/57521/timeline
10,"{'login': 'DeaMariaLeon', 'id': 11835246, 'node_id': 'MDQ6VXNlcjExODM1MjQ2', 'avatar_url': 'https://avatars.githubusercontent.com/u/11835246?v=4', 'gravatar_id': '', 'url': 'https://api.github.com/users/DeaMariaLeon', 'html_url': 'https://github.com/DeaMariaLeon', 'followers_url': 'https://api.github.com/users/DeaMariaLeon/followers', 'following_url': 'https://api.github.com/users/DeaMariaLeon/following{/other_user}', 'gists_url': 'https://api.github.com/users/DeaMariaLeon/gists{/gist_id}', 'starred_url': 'https://api.github.com/users/DeaMariaLeon/starred{/owner}{/repo}', 'subscriptions_url': 'https://api.github.com/users/DeaMariaLeon/subscriptions', 'organizations_url': 'https://api.github.com/users/DeaMariaLeon/orgs', 'repos_url': 'https://api.github.com/users/DeaMariaLeon/repos', 'events_url': 'https://api.github.com/users/DeaMariaLeon/events{/privacy}', 'received_events_url': 'https://api.github.com/users/DeaMariaLeon/received_events', 'type': 'User', 'site_admin': False}",https://api.github.com/repos/pandas-dev/pandas/issues/57520/timeline
11,"{'login': 'jmarintur', 'id': 28574023, 'node_id': 'MDQ6VXNlcjI4NTc0MDIz', 'avatar_url': 'https://avatars.githubusercontent.com/u/28574023?v=4', 'gravatar_id': '', 'url': 'https://api.github.com/users/jmarintur', 'html_url': 'https://github.com/jmarintur', 'followers_url': 'https://api.github.com/users/jmarintur/followers', 'following_url': 'https://api.github.com/users/jmarintur/following{/other_user}', 'gists_url': 'https://api.github.com/users/jmarintur/gists{/gist_id}', 'starred_url': 'https://api.github.com/users/jmarintur/starred{/owner}{/repo}', 'subscriptions_url': 'https://api.github.com/users/jmarintur/subscriptions', 'organizations_url': 'https://api.github.com/users/jmarintur/orgs', 'repos_url': 'https://api.github.com/users/jmarintur/repos', 'events_url': 'https://api.github.com/users/jmarintur/events{/privacy}', 'received_events_url': 'https://api.github.com/users/jmarintur/received_events', 'type': 'User', 'site_admin': False}",https://api.github.com/repos/pandas-dev/pandas/issues/57518/timeline
12,"{'login': 'batterseapower', 'id': 18488, 'node_id': 'MDQ6VXNlcjE4NDg4', 'avatar_url': 'https://avatars.githubusercontent.com/u/18488?v=4', 'gravatar_id': '', 'url': 'https://api.github.com/users/batterseapower', 'html_url': 'https://github.com/batterseapower', 'followers_url': 'https://api.github.com/users/batterseapower/followers', 'following_url': 'https://api.github.com/users/batterseapower/following{/other_user}', 'gists_url': 'https://api.github.com/users/batterseapower/gists{/gist_id}', 'starred_url': 'https://api.github.com/users/batterseapower/starred{/owner}{/repo}', 'subscriptions_url': 'https://api.github.com/users/batterseapower/subscriptions', 'organizations_url': 'https://api.github.com/users/batterseapower/orgs', 'repos_url': 'https://api.github.com/users/batterseapower/repos', 'events_url': 'https://api.github.com/users/batterseapower/events{/privacy}', 'received_events_url': 'https://api.github.com/users/batterseapower/received_events', 'type': 'User', 'site_admin': False}",https://api.github.com/repos/pandas-dev/pandas/issues/57517/timeline
13,"{'login': 'mroeschke', 'id': 10647082, 'node_id': 'MDQ6VXNlcjEwNjQ3MDgy', 'avatar_url': 'https://avatars.githubusercontent.com/u/10647082?v=4', 'gravatar_id': '', 'url': 'https://api.github.com/users/mroeschke', 'html_url': 'https://github.com/mroeschke', 'followers_url': 'https://api.github.com/users/mroeschke/followers', 'following_url': 'https://api.github.com/users/mroeschke/following{/other_user}', 'gists_url': 'https://api.github.com/users/mroeschke/gists{/gist_id}', 'starred_url': 'https://api.github.com/users/mroeschke/starred{/owner}{/repo}', 'subscriptions_url': 'https://api.github.com/users/mroeschke/subscriptions', 'organizations_url': 'https://api.github.com/users/mroeschke/orgs', 'repos_url': 'https://api.github.com/users/mroeschke/repos', 'events_url': 'https://api.github.com/users/mroeschke/events{/privacy}', 'received_events_url': 'https://api.github.com/users/mroeschke/received_events', 'type': 'User', 'site_admin': False}",https://api.github.com/repos/pandas-dev/pandas/issues/57516/timeline
14,"{'login': 'kounoupis', 'id': 861901, 'node_id': 'MDQ6VXNlcjg2MTkwMQ==', 'avatar_url': 'https://avatars.githubusercontent.com/u/861901?v=4', 'gravatar_id': '', 'url': 'https://api.github.com/users/kounoupis', 'html_url': 'https://github.com/kounoupis', 'followers_url': 'https://api.github.com/users/kounoupis/followers', 'following_url': 'https://api.github.com/users/kounoupis/following{/other_user}', 'gists_url': 'https://api.github.com/users/kounoupis/gists{/gist_id}', 'starred_url': 'https://api.github.com/users/kounoupis/starred{/owner}{/repo}', 'subscriptions_url': 'https://api.github.com/users/kounoupis/subscriptions', 'organizations_url': 'https://api.github.com/users/kounoupis/orgs', 'repos_url': 'https://api.github.com/users/kounoupis/repos', 'events_url': 'https://api.github.com/users/kounoupis/events{/privacy}', 'received_events_url': 'https://api.github.com/users/kounoupis/received_events', 'type': 'User', 'site_admin': False}",https://api.github.com/repos/pandas-dev/pandas/issues/57512/timeline
15,"{'login': 'phofl', 'id': 61934744, 'node_id': 'MDQ6VXNlcjYxOTM0NzQ0', 'avatar_url': 'https://avatars.githubusercontent.com/u/61934744?v=4', 'gravatar_id': '', 'url': 'https://api.github.com/users/phofl', 'html_url': 'https://github.com/phofl', 'followers_url': 'https://api.github.com/users/phofl/followers', 'following_url': 'https://api.github.com/users/phofl/following{/other_user}', 'gists_url': 'https://api.github.com/users/phofl/gists{/gist_id}', 'starred_url': 'https://api.github.com/users/phofl/starred{/owner}{/repo}', 'subscriptions_url': 'https://api.github.com/users/phofl/subscriptions', 'organizations_url': 'https://api.github.com/users/phofl/orgs', 'repos_url': 'https://api.github.com/users/phofl/repos', 'events_url': 'https://api.github.com/users/phofl/events{/privacy}', 'received_events_url': 'https://api.github.com/users/phofl/received_events', 'type': 'User', 'site_admin': False}",https://api.github.com/repos/pandas-dev/pandas/issues/57511/timeline
16,"{'login': 'phofl', 'id': 61934744, 'node_id': 'MDQ6VXNlcjYxOTM0NzQ0', 'avatar_url': 'https://avatars.githubusercontent.com/u/61934744?v=4', 'gravatar_id': '', 'url': 'https://api.github.com/users/phofl', 'html_url': 'https://github.com/phofl', 'followers_url': 'https://api.github.com/users/phofl/followers', 'following_url': 'https://api.github.com/users/phofl/following{/other_user}', 'gists_url': 'https://api.github.com/users/phofl/gists{/gist_id}', 'starred_url': 'https://api.github.com/users/phofl/starred{/owner}{/repo}', 'subscriptions_url': 'https://api.github.com/users/phofl/subscriptions', 'organizations_url': 'https://api.github.com/users/phofl/orgs', 'repos_url': 'https://api.github.com/users/phofl/repos', 'events_url': 'https://api.github.com/users/phofl/events{/privacy}', 'received_events_url': 'https://api.github.com/users/phofl/received_events', 'type': 'User', 'site_admin': False}",https://api.github.com/repos/pandas-dev/pandas/issues/57510/timeline
17,"{'login': 'lithomas1', 'id': 47963215, 'node_id': 'MDQ6VXNlcjQ3OTYzMjE1', 'avatar_url': 'https://avatars.githubusercontent.com/u/47963215?v=4', 'gravatar_id': '', 'url': 'https://api.github.com/users/lithomas1', 'html_url': 'https://github.com/lithomas1', 'followers_url': 'https://api.github.com/users/lithomas1/followers', 'following_url': 'https://api.github.com/users/lithomas1/following{/other_user}', 'gists_url': 'https://api.github.com/users/lithomas1/gists{/gist_id}', 'starred_url': 'https://api.github.com/users/lithomas1/starred{/owner}{/repo}', 'subscriptions_url': 'https://api.github.com/users/lithomas1/subscriptions', 'organizations_url': 'https://api.github.com/users/lithomas1/orgs', 'repos_url': 'https://api.github.com/users/lithomas1/repos', 'events_url': 'https://api.github.com/users/lithomas1/events{/privacy}', 'received_events_url': 'https://api.github.com/users/lithomas1/received_events', 'type': 'User', 'site_admin': False}",https://api.github.com/repos/pandas-dev/pandas/issues/57508/timeline
18,"{'login': 'jamespreed', 'id': 7841701, 'node_id': 'MDQ6VXNlcjc4NDE3MDE=', 'avatar_url': 'https://avatars.githubusercontent.com/u/7841701?v=4', 'gravatar_id': '', 'url': 'https://api.github.com/users/jamespreed', 'html_url': 'https://github.com/jamespreed', 'followers_url': 'https://api.github.com/users/jamespreed/followers', 'following_url': 'https://api.github.com/users/jamespreed/following{/other_user}', 'gists_url': 'https://api.github.com/users/jamespreed/gists{/gist_id}', 'starred_url': 'https://api.github.com/users/jamespreed/starred{/owner}{/repo}', 'subscriptions_url': 'https://api.github.com/users/jamespreed/subscriptions', 'organizations_url': 'https://api.github.com/users/jamespreed/orgs', 'repos_url': 'https://api.github.com/users/jamespreed/repos', 'events_url': 'https://api.github.com/users/jamespreed/events{/privacy}', 'received_events_url': 'https://api.github.com/users/jamespreed/received_events', 'type': 'User', 'site_admin': False}",https://api.github.com/repos/pandas-dev/pandas/issues/57505/timeline
19,"{'login': 'Deen-dot', 'id': 80238871, 'node_id': 'MDQ6VXNlcjgwMjM4ODcx', 'avatar_url': 'https://avatars.githubusercontent.com/u/80238871?v=4', 'gravatar_id': '', 'url': 'https://api.github.com/users/Deen-dot', 'html_url': 'https://github.com/Deen-dot', 'followers_url': 'https://api.github.com/users/Deen-dot/followers', 'following_url': 'https://api.github.com/users/Deen-dot/following{/other_user}', 'gists_url': 'https://api.github.com/users/Deen-dot/gists{/gist_id}', 'starred_url': 'https://api.github.com/users/Deen-dot/starred{/owner}{/repo}', 'subscriptions_url': 'https://api.github.com/users/Deen-dot/subscriptions', 'organizations_url': 'https://api.github.com/users/Deen-dot/orgs', 'repos_url': 'https://api.github.com/users/Deen-dot/repos', 'events_url': 'https://api.github.com/users/Deen-dot/events{/privacy}', 'received_events_url': 'https://api.github.com/users/Deen-dot/received_events', 'type': 'User', 'site_admin': False}",https://api.github.com/repos/pandas-dev/pandas/issues/57504/timeline
20,"{'login': 'yuji38kwmt', 'id': 6350027, 'node_id': 'MDQ6VXNlcjYzNTAwMjc=', 'avatar_url': 'https://avatars.githubusercontent.com/u/6350027?v=4', 'gravatar_id': '', 'url': 'https://api.github.com/users/yuji38kwmt', 'html_url': 'https://github.com/yuji38kwmt', 'followers_url': 'https://api.github.com/users/yuji38kwmt/followers', 'following_url': 'https://api.github.com/users/yuji38kwmt/following{/other_user}', 'gists_url': 'https://api.github.com/users/yuji38kwmt/gists{/gist_id}', 'starred_url': 'https://api.github.com/users/yuji38kwmt/starred{/owner}{/repo}', 'subscriptions_url': 'https://api.github.com/users/yuji38kwmt/subscriptions', 'organizations_url': 'https://api.github.com/users/yuji38kwmt/orgs', 'repos_url': 'https://api.github.com/users/yuji38kwmt/repos', 'events_url': 'https://api.github.com/users/yuji38kwmt/events{/privacy}', 'received_events_url': 'https://api.github.com/users/yuji38kwmt/received_events', 'type': 'User', 'site_admin': False}",https://api.github.com/repos/pandas-dev/pandas/issues/57500/timeline
21,"{'login': 'mattheeter', 'id': 94481579, 'node_id': 'U_kgDOBaGsqw', 'avatar_url': 'https://avatars.githubusercontent.com/u/94481579?v=4', 'gravatar_id': '', 'url': 'https://api.github.com/users/mattheeter', 'html_url': 'https://github.com/mattheeter', 'followers_url': 'https://api.github.com/users/mattheeter/followers', 'following_url': 'https://api.github.com/users/mattheeter/following{/other_user}', 'gists_url': 'https://api.github.com/users/mattheeter/gists{/gist_id}', 'starred_url': 'https://api.github.com/users/mattheeter/starred{/owner}{/repo}', 'subscriptions_url': 'https://api.github.com/users/mattheeter/subscriptions', 'organizations_url': 'https://api.github.com/users/mattheeter/orgs', 'repos_url': 'https://api.github.com/users/mattheeter/repos', 'events_url': 'https://api.github.com/users/mattheeter/events{/privacy}', 'received_events_url': 'https://api.github.com/users/mattheeter/received_events', 'type': 'User', 'site_admin': False}",https://api.github.com/repos/pandas-dev/pandas/issues/57494/timeline
22,"{'login': 'phofl', 'id': 61934744, 'node_id': 'MDQ6VXNlcjYxOTM0NzQ0', 'avatar_url': 'https://avatars.githubusercontent.com/u/61934744?v=4', 'gravatar_id': '', 'url': 'https://api.github.com/users/phofl', 'html_url': 'https://github.com/phofl', 'followers_url': 'https://api.github.com/users/phofl/followers', 'following_url': 'https://api.github.com/users/phofl/following{/other_user}', 'gists_url': 'https://api.github.com/users/phofl/gists{/gist_id}', 'starred_url': 'https://api.github.com/users/phofl/starred{/owner}{/repo}', 'subscriptions_url': 'https://api.github.com/users/phofl/subscriptions', 'organizations_url': 'https://api.github.com/users/phofl/orgs', 'repos_url': 'https://api.github.com/users/phofl/repos', 'events_url': 'https://api.github.com/users/phofl/events{/privacy}', 'received_events_url': 'https://api.github.com/users/phofl/received_events', 'type': 'User', 'site_admin': False}",https://api.github.com/repos/pandas-dev/pandas/issues/57492/timeline
23,"{'login': 'phofl', 'id': 61934744, 'node_id': 'MDQ6VXNlcjYxOTM0NzQ0', 'avatar_url': 'https://avatars.githubusercontent.com/u/61934744?v=4', 'gravatar_id': '', 'url': 'https://api.github.com/users/phofl', 'html_url': 'https://github.com/phofl', 'followers_url': 'https://api.github.com/users/phofl/followers', 'following_url': 'https://api.github.com/users/phofl/following{/other_user}', 'gists_url': 'https://api.github.com/users/phofl/gists{/gist_id}', 'starred_url': 'https://api.github.com/users/phofl/starred{/owner}{/repo}', 'subscriptions_url': 'https://api.github.com/users/phofl/subscriptions', 'organizations_url': 'https://api.github.com/users/phofl/orgs', 'repos_url': 'https://api.github.com/users/phofl/repos', 'events_url': 'https://api.github.com/users/phofl/events{/privacy}', 'received_events_url': 'https://api.github.com/users/phofl/received_events', 'type': 'User', 'site_admin': False}",https://api.github.com/repos/pandas-dev/pandas/issues/57491/timeline
24,"{'login': 'phofl', 'id': 61934744, 'node_id': 'MDQ6VXNlcjYxOTM0NzQ0', 'avatar_url': 'https://avatars.githubusercontent.com/u/61934744?v=4', 'gravatar_id': '', 'url': 'https://api.github.com/users/phofl', 'html_url': 'https://github.com/phofl', 'followers_url': 'https://api.github.com/users/phofl/followers', 'following_url': 'https://api.github.com/users/phofl/following{/other_user}', 'gists_url': 'https://api.github.com/users/phofl/gists{/gist_id}', 'starred_url': 'https://api.github.com/users/phofl/starred{/owner}{/repo}', 'subscriptions_url': 'https://api.github.com/users/phofl/subscriptions', 'organizations_url': 'https://api.github.com/users/phofl/orgs', 'repos_url': 'https://api.github.com/users/phofl/repos', 'events_url': 'https://api.github.com/users/phofl/events{/privacy}', 'received_events_url': 'https://api.github.com/users/phofl/received_events', 'type': 'User', 'site_admin': False}",https://api.github.com/repos/pandas-dev/pandas/issues/57487/timeline
25,"{'login': 'phofl', 'id': 61934744, 'node_id': 'MDQ6VXNlcjYxOTM0NzQ0', 'avatar_url': 'https://avatars.githubusercontent.com/u/61934744?v=4', 'gravatar_id': '', 'url': 'https://api.github.com/users/phofl', 'html_url': 'https://github.com/phofl', 'followers_url': 'https://api.github.com/users/phofl/followers', 'following_url': 'https://api.github.com/users/phofl/following{/other_user}', 'gists_url': 'https://api.github.com/users/phofl/gists{/gist_id}', 'starred_url': 'https://api.github.com/users/phofl/starred{/owner}{/repo}', 'subscriptions_url': 'https://api.github.com/users/phofl/subscriptions', 'organizations_url': 'https://api.github.com/users/phofl/orgs', 'repos_url': 'https://api.github.com/users/phofl/repos', 'events_url': 'https://api.github.com/users/phofl/events{/privacy}', 'received_events_url': 'https://api.github.com/users/phofl/received_events', 'type': 'User', 'site_admin': False}",https://api.github.com/repos/pandas-dev/pandas/issues/57478/timeline
26,"{'login': 'twoertwein', 'id': 6618166, 'node_id': 'MDQ6VXNlcjY2MTgxNjY=', 'avatar_url': 'https://avatars.githubusercontent.com/u/6618166?v=4', 'gravatar_id': '', 'url': 'https://api.github.com/users/twoertwein', 'html_url': 'https://github.com/twoertwein', 'followers_url': 'https://api.github.com/users/twoertwein/followers', 'following_url': 'https://api.github.com/users/twoertwein/following{/other_user}', 'gists_url': 'https://api.github.com/users/twoertwein/gists{/gist_id}', 'starred_url': 'https://api.github.com/users/twoertwein/starred{/owner}{/repo}', 'subscriptions_url': 'https://api.github.com/users/twoertwein/subscriptions', 'organizations_url': 'https://api.github.com/users/twoertwein/orgs', 'repos_url': 'https://api.github.com/users/twoertwein/repos', 'events_url': 'https://api.github.com/users/twoertwein/events{/privacy}', 'received_events_url': 'https://api.github.com/users/twoertwein/received_events', 'type': 'User', 'site_admin': False}",https://api.github.com/repos/pandas-dev/pandas/issues/57476/timeline
27,"{'login': 'rhshadrach', 'id': 45562402, 'node_id': 'MDQ6VXNlcjQ1NTYyNDAy', 'avatar_url': 'https://avatars.githubusercontent.com/u/45562402?v=4', 'gravatar_id': '', 'url': 'https://api.github.com/users/rhshadrach', 'html_url': 'https://github.com/rhshadrach', 'followers_url': 'https://api.github.com/users/rhshadrach/followers', 'following_url': 'https://api.github.com/users/rhshadrach/following{/other_user}', 'gists_url': 'https://api.github.com/users/rhshadrach/gists{/gist_id}', 'starred_url': 'https://api.github.com/users/rhshadrach/starred{/owner}{/repo}', 'subscriptions_url': 'https://api.github.com/users/rhshadrach/subscriptions', 'organizations_url': 'https://api.github.com/users/rhshadrach/orgs', 'repos_url': 'https://api.github.com/users/rhshadrach/repos', 'events_url': 'https://api.github.com/users/rhshadrach/events{/privacy}', 'received_events_url': 'https://api.github.com/users/rhshadrach/received_events', 'type': 'User', 'site_admin': False}",https://api.github.com/repos/pandas-dev/pandas/issues/57475/timeline
28,"{'login': 'yuanx749', 'id': 47032563, 'node_id': 'MDQ6VXNlcjQ3MDMyNTYz', 'avatar_url': 'https://avatars.githubusercontent.com/u/47032563?v=4', 'gravatar_id': '', 'url': 'https://api.github.com/users/yuanx749', 'html_url': 'https://github.com/yuanx749', 'followers_url': 'https://api.github.com/users/yuanx749/followers', 'following_url': 'https://api.github.com/users/yuanx749/following{/other_user}', 'gists_url': 'https://api.github.com/users/yuanx749/gists{/gist_id}', 'starred_url': 'https://api.github.com/users/yuanx749/starred{/owner}{/repo}', 'subscriptions_url': 'https://api.github.com/users/yuanx749/subscriptions', 'organizations_url': 'https://api.github.com/users/yuanx749/orgs', 'repos_url': 'https://api.github.com/users/yuanx749/repos', 'events_url': 'https://api.github.com/users/yuanx749/events{/privacy}', 'received_events_url': 'https://api.github.com/users/yuanx749/received_events', 'type': 'User', 'site_admin': False}",https://api.github.com/repos/pandas-dev/pandas/issues/57471/timeline
29,"{'login': 'lamdang2k', 'id': 70220760, 'node_id': 'MDQ6VXNlcjcwMjIwNzYw', 'avatar_url': 'https://avatars.githubusercontent.com/u/70220760?v=4', 'gravatar_id': '', 'url': 'https://api.github.com/users/lamdang2k', 'html_url': 'https://github.com/lamdang2k', 'followers_url': 'https://api.github.com/users/lamdang2k/followers', 'following_url': 'https://api.github.com/users/lamdang2k/following{/other_user}', 'gists_url': 'https://api.github.com/users/lamdang2k/gists{/gist_id}', 'starred_url': 'https://api.github.com/users/lamdang2k/starred{/owner}{/repo}', 'subscriptions_url': 'https://api.github.com/users/lamdang2k/subscriptions', 'organizations_url': 'https://api.github.com/users/lamdang2k/orgs', 'repos_url': 'https://api.github.com/users/lamdang2k/repos', 'events_url': 'https://api.github.com/users/lamdang2k/events{/privacy}', 'received_events_url': 'https://api.github.com/users/lamdang2k/received_events', 'type': 'User', 'site_admin': False}",https://api.github.com/repos/pandas-dev/pandas/issues/57469/timeline
